Brand,Operating System,Processor,RAM Type,RAM Size,Disc Type,Disc Size,Price
Lenovo,Windows 11,Intel Core i3,DDR4,8 GB,SSD,256 GB,36990
Lenovo,Windows 11,Intel Core i3,DDR4,8 GB,SSD,512 GB,39990
ASUS,Windows 11,Intel Core i3,DDR4,8 GB,SSD,512 GB,32990
HP,Windows 10,AMD Ryzen 5 Hexa Core,DDR4,8 GB,SSD,512 GB,49990
ASUS,MAC ,Intel Core i5,DDR4,8 GB,SSD,512 GB,49990
HP,Windows 11,Intel Core i3,DDR4,8 GB,SSD,256 GB,36990
DELL,MAC ,Intel Core i3,DDR4,8 GB,HDD,1 TB,38990
RedmiBook,MAC ,Intel Core i5,DDR4,8 GB,SSD,512 GB,39990
Realme,Windows 10,Intel Core i3,DDR4,8 GB,SSD,256 GB,46990
ASUS,Windows 11,AMD Ryzen 7 Quad Core,DDR4,16 GB,SSD,512 GB,44990
HP,Windows 11,AMD Ryzen 5 Hexa Core,DDR4,8 GB,SSD,512 GB,59990
Lenovo,Windows 11,AMD Ryzen 5 Quad Core,DDR4,8 GB,SSD,512 GB,38705
ASUS,Windows 11,Intel Core i3,DDR4,8 GB,SSD,256 GB,32990
ASUS,Windows 11,AMD Ryzen 5 Hexa Core,DDR4,8 GB,SSD,512 GB,52990
Acer,Windows 11,Intel Core i3,DDR4,8 GB,SSD,256 GB,29990
ASUS,MAC ,AMD Ryzen 9 Octa Core,DDR5,16 GB,SSD,1 TB,196990
ASUS,Windows 11,Intel Core i5,DDR4,8 GB,HDD,1 TB,47990
ASUS,Windows 11,Intel Core i5,DDR4,8 GB,SSD,512 GB,45990
MSI,Windows 11,AMD Ryzen 5 Hexa Core,DDR4,8 GB,SSD,512 GB,47990
ASUS,MAC ,AMD Ryzen 7 Octa Core,DDR4,16 GB,SSD,1 TB,85990
APPLE,MAC ,Apple M1,DDR4,8 GB,SSD,256 GB,88990
HP,Windows 11,Intel Core i3,DDR4,8 GB,SSD,512 GB,40990
Lenovo,MAC ,Intel Celeron Dual Core,LPDDR4,4 GB,HDD,256 GB,19490
Lenovo,Windows 11,AMD Ryzen 3 Dual Core,DDR4,8 GB,SSD,512 GB,35590
HP,Windows 11,Intel Core i5,DDR4,8 GB,SSD,512 GB,65990
RedmiBook,MAC ,Intel Core i5,DDR4,8 GB,SSD,512 GB,39990
Lenovo,Windows 11,Intel Core i3,DDR4,8 GB,SSD,512 GB,39990
ASUS,MAC ,AMD Ryzen 9 Octa Core,DDR5,16 GB,SSD,1 TB,196990
Acer,Windows 11,Intel Core i5,DDR4,16 GB,SSD,512 GB,58990
Realme,Windows 10,Intel Core i3,DDR4,8 GB,SSD,256 GB,46990
Lenovo,Windows 11,AMD Ryzen 5 Quad Core,DDR4,8 GB,SSD,512 GB,38705
ASUS,MAC ,AMD Ryzen 7 Octa Core,DDR4,16 GB,SSD,1 TB,85990
Acer,Windows 11,AMD Ryzen 3 Dual Core,DDR4,8 GB,SSD,256 GB,24990
Acer,Windows 11,AMD Ryzen 5 Hexa Core,DDR4,8 GB,SSD,512 GB,47990
ASUS,Windows 11,AMD Ryzen 7 Octa Core,DDR4,8 GB,SSD,512 GB,73990
Lenovo,Windows 11,Intel Core i5,DDR4,8 GB,SSD,512 GB,53490
Lenovo,Windows 11,AMD Ryzen 3 Dual Core,DDR4,8 GB,SSD,512 GB,35590
ASUS,MAC ,AMD Ryzen 9 Octa Core,DDR4,16 GB,SSD,1 TB,150990
Lenovo,Windows 11,Intel Core i5,DDR4,8 GB,SSD,512 GB,51990
ASUS,Windows 11,Intel Core i5,DDR4,16 GB,SSD,512 GB,66990
Lenovo,Windows 11,Intel Core i3,DDR4,8 GB,SSD,256 GB,36990
ASUS,Windows 11,AMD Ryzen 9 Octa Core,DDR5,16 GB,SSD,1 TB,194990
Acer,Windows 11,AMD Ryzen 5 Hexa Core,DDR4,16 GB,SSD,512 GB,51990
HP,Windows 11,AMD Athlon Dual Core,DDR4,8 GB,SSD,256 GB,25990
Acer,Windows 11,AMD Ryzen 5 Quad Core,DDR4,8 GB,SSD,512 GB,35990
ASUS,Windows 11,Intel Core i5,DDR4,8 GB,SSD,512 GB,43990
Lenovo,Windows 11,AMD Ryzen 5 Hexa Core,DDR4,8 GB,SSD,512 GB,44990
Lenovo,Windows 11,AMD Ryzen 5 Hexa Core,DDR4,8 GB,SSD,512 GB,64490
ASUS,Windows 11,Intel Core i3,DDR4,8 GB,SSD,256 GB,40990
ASUS,Windows 11,Intel Core i3,DDR4,8 GB,SSD,512 GB,38990
Lenovo,Windows 11,Intel Core i3,DDR4,8 GB,SSD,256 GB,36990
RedmiBook,MAC ,Intel Core i5,DDR4,8 GB,SSD,512 GB,39990
HP,Windows 11,Intel Core i5,DDR4,8 GB,SSD,512 GB,58990
Realme,Windows 10,Intel Core i5,DDR4,8 GB,SSD,512 GB,59990
Acer,Windows 10,Intel Core i5,DDR4,8 GB,SSD,512 GB,47990
HP,Windows 11,AMD Ryzen 3 Quad Core,DDR4,8 GB,SSD,512 GB,37499
ASUS,MAC ,AMD Ryzen 9 Octa Core,DDR5,16 GB,SSD,1 TB,196990
Lenovo,Windows 11,AMD Ryzen 5 Quad Core,DDR4,8 GB,SSD,512 GB,38705
ASUS,Windows 10,AMD Ryzen 9 Octa Core,DDR4,8 GB,SSD,1 TB,94990
ASUS,Windows 11,Intel Core i3,DDR4,8 GB,SSD,512 GB,32990
ASUS,MAC ,AMD Ryzen 7 Octa Core,DDR4,16 GB,SSD,1 TB,85990
Lenovo,Windows 11,AMD Ryzen 3 Dual Core,DDR4,8 GB,SSD,512 GB,35590
ASUS,Windows 11,Intel Celeron Dual Core,DDR4,4 GB,SSD,256 GB,23990
HP,Windows 11,AMD Ryzen 5 Hexa Core,DDR4,16 GB,SSD,512 GB,48990
APPLE,MAC ,Apple M2,Unified Memory,8 GB,SSD,512 GB,139990
ASUS,Windows 11,AMD Ryzen 7 Octa Core,DDR4,16 GB,SSD,512 GB,89990
ASUS,MAC ,AMD Ryzen 9 Octa Core,DDR4,16 GB,SSD,1 TB,150990
Lenovo,Windows 11,Intel Core i3,DDR4,8 GB,SSD,512 GB,39990
ASUS,Windows 11,AMD Ryzen 5 Hexa Core,DDR4,8 GB,SSD,1 TB,59990
DELL,Windows 11,AMD Ryzen R5-5600H,DDR4,16 GB,SSD,512 GB,70990
ASUS,Windows 11,AMD Ryzen 9 Octa Core,DDR5,16 GB,SSD,1 TB,194990
Lenovo,Windows 11,AMD Ryzen 5 Hexa Core,DDR4,8 GB,SSD,512 GB,44990
Infinix,Windows 11,Intel Celeron Quad Core,LPDDR4X,8 GB,SSD,256 GB,22990
HP,Windows 11,AMD Ryzen 5 Hexa Core,DDR4,8 GB,SSD,512 GB,46990
ASUS,MAC ,Intel Core i5,DDR4,8 GB,HDD,1 TB,50990
Infinix,Windows 11,Intel Core i3,LPDDR4X,8 GB,SSD,256 GB,28990
RedmiBook,MAC ,Intel Core i5,DDR4,8 GB,SSD,512 GB,39990
Lenovo,Windows 11,AMD Ryzen 5 Quad Core,DDR4,8 GB,SSD,512 GB,38705
MSI,Windows 10,Intel Core i7,DDR4,16 GB,SSD,512 GB,84990
APPLE,MAC ,Apple M1 Pro,Unified Memory,16 GB,SSD,512 GB,181990
ASUS,MAC ,AMD Ryzen 9 Octa Core,DDR5,16 GB,SSD,1 TB,196990
ASUS,MAC ,AMD Ryzen 7 Octa Core,DDR4,16 GB,SSD,1 TB,85990
MSI,Windows 11,AMD Ryzen 9 Octa Core,DDR4,16 GB,SSD,1 TB,109990
SAMSUNG,MAC ,Qualcomm Snapdragon 7c Gen 2,LPDDR4X,4 GB,EMMC,128 GB,32990
Infinix,Windows 11,Intel Core i5,LPDDR4X,16 GB,SSD,512 GB,37990
APPLE,MAC ,Apple M2,Unified Memory,8 GB,SSD,512 GB,139990
Lenovo,Windows 11,AMD Ryzen 3 Dual Core,DDR4,8 GB,SSD,512 GB,35590
ASUS,MAC ,AMD Ryzen 9 Octa Core,DDR4,16 GB,SSD,1 TB,150990
Lenovo,Windows 11,Intel Core i3,DDR4,4 GB,SSD,256 GB,29990
Lenovo,MAC ,Intel Celeron Dual Core,DDR4,4 GB,EMMC,64 GB,19490
Lenovo,Windows 11,Intel Core i3,DDR4,8 GB,SSD,256 GB,36990
Lenovo,Windows 11,AMD Ryzen 7 Octa Core,DDR4,8 GB,SSD,512 GB,73490
ASUS,Windows 11,AMD Ryzen 5 Hexa Core,DDR4,8 GB,HDD,1 TB,52990
HP,Windows 11,Intel Core i3,DDR4,8 GB,SSD,512 GB,41890
DELL,Windows 11,Intel PQC-N5030,DDR4,8 GB,SSD,256 GB,30428
Acer,Windows 11,Intel Core i3,DDR4,8 GB,SSD,512 GB,34990
Lenovo,MAC ,Intel Celeron Dual Core,DDR4,4 GB,EMMC,64 GB,19490
Lenovo,Windows 11,Intel Core i3,DDR4,4 GB,SSD,256 GB,29990
APPLE,MAC ,Apple M1,DDR4,8 GB,SSD,256 GB,88990
Lenovo,Windows 11,Intel Core i3,DDR4,8 GB,SSD,256 GB,36990
MSI,Windows 10,Intel Core i7,DDR4,8 GB,SSD,512 GB,65990
ASUS,Windows 11,Intel Core i3,DDR4,8 GB,SSD,512 GB,33490
HP,Windows 11,Intel Core i5,DDR4,16 GB,SSD,512 GB,60990
Lenovo,Windows 11,Intel Core i3,DDR4,8 GB,SSD,512 GB,39990
HP,Windows 11,AMD Ryzen 5 Hexa Core,DDR4,8 GB,SSD,512 GB,46990
ASUS,Windows 11,AMD Ryzen 7 Octa Core,DDR4,16 GB,SSD,512 GB,59990
MSI,Windows 10,Intel Core i7,DDR4,16 GB,SSD,1 TB,114990
RedmiBook,MAC ,Intel Core i5,DDR4,8 GB,SSD,512 GB,39990
ASUS,MAC ,Intel Core i7,DDR4,16 GB,SSD,1 TB,119990
Infinix,Windows 11,Intel Core i5,LPDDR4X,8 GB,SSD,512 GB,42990
ASUS,Windows 11,Intel Core i5,LPDDR5,16 GB,SSD,512 GB,89990
Lenovo,Windows 11,AMD Ryzen 5 Quad Core,DDR4,8 GB,SSD,512 GB,38705
MSI,Windows 11,AMD Ryzen 7 Octa Core,DDR4,8 GB,SSD,512 GB,79990
ASUS,MAC ,Intel Core i5,DDR4,8 GB,SSD,1 TB,70990
Lenovo,MAC ,Intel Core i3,DDR4,8 GB,SSD,256 GB,33900
ASUS,MAC ,AMD Ryzen 9 Octa Core,DDR5,16 GB,SSD,1 TB,196990
Infinix,Windows 11,Intel Core i7,LPDDR4X,16 GB,SSD,512 GB,52990
APPLE,MAC ,Apple M1,DDR4,16 GB,SSD,512 GB,124990
ASUS,MAC ,AMD Ryzen 7 Octa Core,DDR4,16 GB,SSD,1 TB,85990
RedmiBook,MAC ,Intel Core i3,DDR4,8 GB,SSD,256 GB,31990
Acer,MAC ,AMD Ryzen 5 Hexa Core,DDR4,16 GB,SSD,512 GB,66990
DELL,Windows 11,AMD Ryzen 7 Octa Core,DDR4,16 GB,SSD,512 GB,89081
Lenovo,Windows 11,Intel Core i3,DDR4,8 GB,SSD,256 GB,36990
APPLE,MAC ,Apple M1,DDR4,8 GB,SSD,512 GB,104990
Lenovo,Windows 11,Intel Core i5,DDR4,8 GB,SSD,512 GB,53490
ASUS,Windows 11,Intel Core i3,LPDDR4X,8 GB,SSD,256 GB,45990
Lenovo,Windows 11,Intel Core i3,DDR4,8 GB,SSD,512 GB,39990
ASUS,Windows 11,Intel Core i3,DDR4,8 GB,SSD,512 GB,45990
MSI,Windows 11,Intel Core i5,DDR4,8 GB,SSD,512 GB,51990
HP,Windows 11,AMD Ryzen 7 Octa Core,DDR4,16 GB,SSD,512 GB,75990
RedmiBook,MAC ,Intel Core i5,DDR4,8 GB,SSD,512 GB,39990
Lenovo,Windows 11,Intel Core i3,DDR4,8 GB,SSD,256 GB,36990
HP,Windows 11,Intel Core i5,DDR4,16 GB,SSD,512 GB,78800
HP,Windows 11,AMD Athlon Dual Core,DDR4,8 GB,SSD,512 GB,29390
Lenovo,Windows 11,AMD Ryzen 5 Quad Core,DDR4,8 GB,SSD,512 GB,38705
Infinix,Windows 11,Intel Core i3,LPDDR4X,8 GB,SSD,256 GB,30990
Lenovo,Windows 11,Intel Core i5,DDR4,16 GB,SSD,512 GB,62490
ASUS,Windows 11,Intel Core i7,DDR4,16 GB,SSD,512 GB,89990
ASUS,MAC ,AMD Ryzen 9 Octa Core,DDR5,16 GB,SSD,1 TB,196990
HP,Windows 11,Intel Core i5,DDR4,8 GB,SSD,512 GB,58899
MSI,Windows 11,Intel Core i5,DDR4,16 GB,SSD,512 GB,85990
DELL,Windows 11,AMD Ryzen 3 Dual Core,DDR4,8 GB,HDD,1 TB,33099
ASUS,MAC ,AMD Ryzen 7 Octa Core,DDR4,16 GB,SSD,1 TB,85990
Lenovo,Windows 11,AMD Ryzen 7 Octa Core,DDR4,8 GB,SSD,512 GB,73490
Lenovo,Windows 11,Intel Core i5,DDR4,8 GB,HDD,1 TB,63490
Lenovo,Windows 11,Intel Core i3,DDR4,8 GB,SSD,256 GB,36990
Lenovo,Windows 11,Intel Core i3,DDR4,8 GB,SSD,512 GB,39990
ASUS,Windows 11,AMD Ryzen 5 Quad Core,DDR4,8 GB,SSD,512 GB,38990
HP,Windows 11,Intel Core i5,DDR4,8 GB,SSD,512 GB,67990
RedmiBook,MAC ,Intel Core i5,DDR4,8 GB,SSD,512 GB,39990
ASUS,MAC ,AMD Ryzen 9 Octa Core,DDR5,16 GB,SSD,1 TB,196990
HP,Windows 11,Intel Core i3,DDR4,8 GB,SSD,512 GB,39790
APPLE,MAC ,Apple M1 Pro,Unified Memory,16 GB,SSD,1 TB,241990
APPLE,MAC ,Apple M1,DDR4,8 GB,SSD,512 GB,104990
DELL,Windows 11,AMD Ryzen 3 Dual Core,DDR4,8 GB,SSD,512 GB,42190
Lenovo,Windows 11,AMD Ryzen 5 Quad Core,DDR4,8 GB,SSD,512 GB,38705
ASUS,MAC ,AMD Ryzen 7 Octa Core,DDR4,16 GB,SSD,1 TB,85990
ASUS,Windows 11,Intel Core i3,DDR4,8 GB,SSD,512 GB,39990
ASUS,Windows 11,Intel Core i7,DDR5,16 GB,SSD,1 TB,99990
Lenovo,Windows 11,AMD Ryzen 3 Dual Core,DDR4,8 GB,SSD,512 GB,35590
ASUS,MAC ,AMD Ryzen 9 Octa Core,DDR4,16 GB,SSD,1 TB,150990
APPLE,MAC ,Apple M1 Max,Unified Memory,32 GB,SSD,1 TB,309490
ASUS,Windows 11,Intel Core i5,DDR4,16 GB,HDD,1 TB,64990
ASUS,Windows 11,AMD Ryzen 7 Octa Core,DDR4,16 GB,SSD,512 GB,89990
ASUS,Windows 10,AMD Ryzen 7 Octa Core,DDR4,16 GB,SSD,512 GB,85990
ASUS,Windows 11,AMD Ryzen 9 Octa Core,DDR5,16 GB,SSD,1 TB,194990
Lenovo,Windows 11,AMD Ryzen 5 Hexa Core,DDR4,8 GB,SSD,512 GB,44990
APPLE,MAC ,Apple M1 Pro,Unified Memory,16 GB,SSD,1 TB,222990
Ultimus,MAC ,Intel Celeron Dual Core,LPDDR4,4 GB,SSD,128 GB,15990
Lenovo,Windows 11,Intel Core i3,DDR4,8 GB,SSD,256 GB,36990
Lenovo,Windows 11,Intel Core i3,DDR4,8 GB,SSD,512 GB,39990
DELL,Windows 11,Intel Core i3,DDR4,8 GB,HDD,1 TB,45900
ASUS,Windows 11,Intel Core i7,LPDDR4X,16 GB,SSD,512 GB,79990
ASUS,MAC ,Intel Core i5,DDR4,8 GB,SSD,512 GB,56990
DELL,Windows 11,AMD Ryzen 3 Dual Core,DDR4,8 GB,SSD,256 GB,34990
RedmiBook,MAC ,Intel Core i5,DDR4,8 GB,SSD,512 GB,39990
ASUS,MAC ,AMD Ryzen 9 Octa Core,DDR5,16 GB,SSD,1 TB,196990
DELL,Windows 11,Intel Core i3,DDR4,8 GB,SSD,512 GB,43580
Lenovo,Windows 10,AMD Ryzen 5 Hexa Core,DDR4,16 GB,SSD,512 GB,74990
Lenovo,Windows 11,AMD Ryzen 5 Quad Core,DDR4,8 GB,SSD,512 GB,38705
ASUS,MAC ,AMD Ryzen 7 Octa Core,DDR4,16 GB,SSD,1 TB,85990
Lenovo,Windows 10,Intel Core i3,DDR4,8 GB,SSD,512 GB,37490
Infinix,Windows 11,Intel Celeron Quad Core,LPDDR4X,4 GB,SSD,128 GB,20990
MSI,Windows 11,Intel Core i7,DDR4,16 GB,SSD,512 GB,109990
ASUS,Windows 11,Intel Core i5,LPDDR4,16 GB,SSD,512 GB,71990
Lenovo,Windows 11,AMD Ryzen 3 Dual Core,DDR4,8 GB,SSD,512 GB,35590
ASUS,MAC ,AMD Ryzen 9 Octa Core,DDR4,16 GB,SSD,1 TB,150990
Infinix,Windows 11,Intel Core i3,LPDDR4X,8 GB,SSD,512 GB,32990
MSI,Windows 10,AMD Ryzen 5 Hexa Core,DDR4,8 GB,SSD,512 GB,43990
Lenovo,Windows 11,AMD Ryzen 7 Octa Core,DDR4,8 GB,SSD,512 GB,73490
ASUS,Windows 11,AMD Ryzen 9 Octa Core,DDR5,16 GB,SSD,1 TB,194990
Acer,Windows 11,AMD Ryzen 3 Dual Core,DDR4,8 GB,SSD,256 GB,25990
ASUS,Windows 10,Intel Core i9,DDR4,16 GB,SSD,1 TB,122990
Acer,MAC ,Intel Core i5,DDR4,16 GB,SSD,512 GB,68990
Acer,Windows 11,Intel Core i5,DDR4,8 GB,SSD,512 GB,59990
Lenovo,Windows 11,Intel Core i3,DDR4,8 GB,SSD,256 GB,36990
Lenovo,Windows 11,Intel Core i3,DDR4,8 GB,SSD,512 GB,39990
Acer,Windows 10,AMD Ryzen 5 Quad Core,DDR4,8 GB,SSD,512 GB,39990
ASUS,Windows 10,Intel Core i3,DDR4,8 GB,HDD,1 TB,37990
RedmiBook,MAC ,Intel Core i5,DDR4,8 GB,SSD,512 GB,39990
ASUS,MAC ,AMD Ryzen 9 Octa Core,DDR5,16 GB,SSD,1 TB,196990
Lenovo,Windows 10,Intel Celeron Dual Core,DDR4,4 GB,SSD,256 GB,25950
Realme,MAC ,Intel Core i5,LPDDR4X,16 GB,SSD,512 GB,64999
HP,Windows 11,AMD Ryzen 5 Hexa Core,DDR4,8 GB,SSD,512 GB,60990
ASUS,Windows 11,Intel Core i3,DDR4,8 GB,SSD,512 GB,36990
Lenovo,Windows 11,AMD Ryzen 5 Quad Core,DDR4,8 GB,SSD,512 GB,38705
ASUS,MAC ,AMD Ryzen 7 Octa Core,DDR4,16 GB,SSD,1 TB,85990
SAMSUNG,Windows 11,Intel Core i5,LPDDR4X,8 GB,SSD,256 GB,59990
APPLE,MAC ,Apple M1 Pro,Unified Memory,16 GB,SSD,512 GB,222990
Lenovo,Windows 11,AMD Ryzen 3 Dual Core,DDR4,8 GB,SSD,512 GB,35590
ASUS,MAC ,AMD Ryzen 9 Octa Core,DDR4,16 GB,SSD,1 TB,150990
DELL,Windows 11,Intel Core i9,DDR5,16 GB,SSD,1 TB,235283
DELL,Windows 11,Intel Core i3,DDR4,8 GB,SSD,512 GB,38990
ASUS,Windows 11,AMD Ryzen 7 Octa Core,DDR4,16 GB,SSD,512 GB,67990
MSI,Windows 11,Intel Core i5,DDR4,16 GB,SSD,512 GB,79990
Lenovo,Windows 11,Intel Core i3,DDR4,8 GB,SSD,256 GB,36990
RedmiBook,MAC ,Intel Core i5,DDR4,8 GB,SSD,512 GB,39990
ASUS,Windows 11,AMD Ryzen 7 Octa Core,DDR4,16 GB,SSD,512 GB,67990
MSI,Windows 11,Intel Core i5,DDR4,16 GB,SSD,512 GB,79990
ASUS,MAC ,AMD Ryzen 9 Octa Core,DDR5,16 GB,SSD,1 TB,196990
Lenovo,Windows 11,AMD Ryzen 5 Quad Core,DDR4,8 GB,SSD,512 GB,38705
ASUS,Windows 11,Intel Core i5,LPDDR5,16 GB,SSD,512 GB,89990
ASUS,Windows 11,Intel Core i9,DDR5,32 GB,SSD,1 TB,241990
ASUS,MAC ,Intel Core i5,DDR4,8 GB,SSD,512 GB,43490
Realme,Windows 10,Intel Core i3,DDR4,8 GB,SSD,256 GB,46990
ASUS,MAC ,AMD Ryzen 7 Octa Core,DDR4,16 GB,SSD,1 TB,85990
Lenovo,Windows 11,AMD Ryzen 3 Dual Core,DDR4,8 GB,SSD,512 GB,35590
Vaio,Windows 10,AMD Ryzen 5 Quad Core,DDR4,8 GB,SSD,512 GB,40990
APPLE,MAC ,Apple M1,DDR4,8 GB,SSD,256 GB,94990
ASUS,MAC ,AMD Ryzen 9 Octa Core,DDR4,16 GB,SSD,1 TB,150990
Lenovo,Windows 11,Intel Core i3,DDR4,8 GB,SSD,512 GB,39990
MSI,Windows 10,Intel Core i7,DDR4,16 GB,SSD,1 TB,114990
APPLE,MAC ,Apple M2,Unified Memory,8 GB,SSD,256 GB,121990
ASUS,Windows 10,Intel Core i3,DDR4,8 GB,HDD,1 TB,37990
ASUS,Windows 11,Intel Pentium Silver,DDR4,8 GB,SSD,256 GB,27990
ASUS,Windows 11,AMD Ryzen 9 Octa Core,DDR5,16 GB,SSD,1 TB,194990
Lenovo,Windows 11,AMD Ryzen 5 Hexa Core,DDR4,8 GB,SSD,512 GB,44990
DELL,Windows 11,AMD Ryzen 3 Dual Core,DDR4,8 GB,SSD,512 GB,40190
Lenovo,MAC ,AMD Ryzen 3 Dual Core,DDR4,8 GB,SSD,512 GB,34990
Lenovo,Windows 11,Intel Core i3,DDR4,8 GB,SSD,512 GB,39990
RedmiBook,MAC ,Intel Core i5,DDR4,8 GB,SSD,512 GB,39990
ASUS,Windows 10,Intel Core i7,LPDDR4X,16 GB,SSD,1 TB,94990
Lenovo,Windows 11,Intel Core i5,DDR4,8 GB,SSD,512 GB,69990
ASUS,Windows 11,Intel Core i5,DDR4,8 GB,SSD,512 GB,59990
ASUS,Windows 11,Intel Core i5,DDR4,16 GB,SSD,512 GB,66990
ASUS,MAC ,AMD Ryzen 9 Octa Core,DDR5,16 GB,SSD,1 TB,196990
Lenovo,Windows 11,AMD Ryzen 5 Quad Core,DDR4,8 GB,SSD,512 GB,38705
ASUS,Windows 11,Intel Core i7,LPDDR4X,16 GB,SSD,512 GB,104990
DELL,Windows 11,Intel Core i3,DDR4,8 GB,SSD,256 GB,54900
ASUS,MAC ,AMD Ryzen 7 Octa Core,DDR4,16 GB,SSD,1 TB,85990
Lenovo,Windows 11,AMD Ryzen 3 Dual Core,DDR4,8 GB,SSD,512 GB,35590
Lenovo,Windows 11,AMD Ryzen 7 Octa Core,DDR4,16 GB,SSD,1 TB,136990
DELL,Windows 11,AMD Ryzen 5-3450U,DDR4,8 GB,SSD,512 GB,48184
ASUS,Windows 11,Intel Core i5,DDR4,16 GB,SSD,512 GB,74990
Acer,Windows 11,Intel Core i5,DDR4,8 GB,SSD,512 GB,60990
ASUS,MAC ,AMD Ryzen 9 Octa Core,DDR4,16 GB,SSD,1 TB,150990
Lenovo,Windows 11,Intel Core i3,DDR4,8 GB,SSD,256 GB,36990
HP,Windows 11,AMD Ryzen 5 Hexa Core,DDR4,8 GB,SSD,512 GB,49990
DELL,Windows 11,Intel Core i5,DDR4,8 GB,SSD,512 GB,67990
ASUS,Windows 11,AMD Ryzen 9 Octa Core,DDR5,16 GB,SSD,1 TB,194990
Lenovo,Windows 11,AMD Ryzen 5 Hexa Core,DDR4,8 GB,SSD,512 GB,44990
Lenovo,Windows 10,Intel Core i5,DDR4,8 GB,SSD,512 GB,58000
Infinix,Windows 11,Intel Core i3,LPDDR4X,8 GB,SSD,256 GB,29990
ASUS,Windows 11,AMD Ryzen 7 Octa Core,LPDDR5,16 GB,SSD,1 TB,114990
HP,Windows 11,AMD Ryzen 3 Dual Core,DDR4,8 GB,SSD,512 GB,33990
RedmiBook,MAC ,Intel Core i5,DDR4,8 GB,SSD,512 GB,39990
ASUS,MAC ,AMD Ryzen 9 Octa Core,DDR5,16 GB,SSD,1 TB,196990
ASUS,Windows 11,AMD Ryzen 5 Hexa Core,DDR4,16 GB,SSD,512 GB,64990
Lenovo,Windows 11,Intel Core i5,DDR4,16 GB,SSD,512 GB,79990
Lenovo,Windows 11,AMD Ryzen 5 Quad Core,DDR4,8 GB,SSD,512 GB,38705
ASUS,MAC ,AMD Ryzen 7 Octa Core,DDR4,16 GB,SSD,1 TB,85990
Infinix,Windows 11,Intel Core i3,LPDDR4X,8 GB,SSD,256 GB,28990
ASUS,MAC ,AMD Ryzen 5 Dual Core,DDR4,8 GB,SSD,512 GB,56990
HP,Windows 11,AMD Ryzen 5 Hexa Core,DDR4,16 GB,SSD,512 GB,81990
MSI,Windows 10,Intel Core i7,DDR4,16 GB,SSD,1 TB,129990
Lenovo,Windows 11,AMD Ryzen 3 Dual Core,DDR4,8 GB,SSD,512 GB,35590
ASUS,MAC ,AMD Ryzen 9 Octa Core,DDR4,16 GB,SSD,1 TB,150990
DELL,Windows 10,AMD Ryzen 3 Dual Core,DDR4,8 GB,HDD,1 TB,38990
HP,Windows 10,AMD Ryzen 7 Octa Core,DDR4,16 GB,HDD,1 TB,79990
Lenovo,Windows 11,Intel Core i3,DDR4,8 GB,SSD,256 GB,36990
Lenovo,Windows 11,Intel Core i3,DDR4,8 GB,SSD,512 GB,39990
APPLE,MAC ,Apple M2,Unified Memory,8 GB,SSD,512 GB,139990
ASUS,Windows 11,Intel Core i7,DDR5,16 GB,SSD,1 TB,109990
ASUS,MAC ,AMD Ryzen 9 Octa Core,DDR5,16 GB,SSD,1 TB,154990
Lenovo,Windows 11,Intel Core i5,DDR4,16 GB,SSD,512 GB,62990
ASUS,Windows 11,AMD Ryzen 9 Octa Core,DDR5,16 GB,SSD,1 TB,194990
Lenovo,Windows 11,AMD Ryzen 5 Hexa Core,DDR4,8 GB,SSD,512 GB,44990
ASUS,MAC ,Intel Core i3,DDR4,8 GB,SSD,512 GB,47990
DELL,Windows 11,AMD Ryzen 3 Quad Core,DDR4,8 GB,SSD,512 GB,43667
ASUS,MAC ,AMD Ryzen 7 Octa Core,DDR5,16 GB,SSD,1 TB,135990
Lenovo,Windows 11,Intel Core i3,DDR4,8 GB,SSD,256 GB,36990
ASUS,Windows 11,AMD Ryzen 7 Octa Core,DDR5,16 GB,SSD,512 GB,98990
Infinix,Windows 11,Intel Core i7,LPDDR4X,16 GB,SSD,512 GB,46990
ASUS,Windows 11,Intel Core i3,DDR4,8 GB,SSD,256 GB,35990
Lenovo,Windows 11,Intel Core i3,DDR4,8 GB,SSD,512 GB,39990
ASUS,Windows 11,Intel Core i7,DDR5,16 GB,SSD,1 TB,109990
APPLE,MAC ,Apple M2,Unified Memory,8 GB,SSD,512 GB,139990
DELL,Windows 11,Intel Core i5,DDR4,8 GB,SSD,512 GB,74770
RedmiBook,MAC ,Intel Core i5,DDR4,8 GB,SSD,512 GB,39990
HP,Windows 11,AMD Ryzen 3 Quad Core,DDR4,8 GB,SSD,512 GB,40799
ASUS,Windows 10,Intel Core i5,DDR4,16 GB,SSD,512 GB,69490
ASUS,Windows 11,Intel Core i3,DDR4,8 GB,SSD,512 GB,39990
Lenovo,Windows 11,AMD Ryzen 5 Quad Core,DDR4,8 GB,SSD,512 GB,38705
ASUS,MAC ,AMD Ryzen 5 Hexa Core,LPDDR5,16 GB,SSD,512 GB,99990
APPLE,MAC ,Apple M1 Pro,Unified Memory,16 GB,SSD,1 TB,241990
Acer,Windows 11,Intel Core i5,DDR4,8 GB,SSD,512 GB,40990
ASUS,MAC ,AMD Ryzen 9 Octa Core,DDR5,16 GB,SSD,1 TB,196990
HP,Windows 10,Intel Core i5,DDR4,8 GB,SSD,512 GB,60390
HP,Windows 10,Intel Core i5,DDR4,8 GB,HDD,1 TB,69990
ASUS,Windows 11,Intel Core i3,DDR4,8 GB,SSD,256 GB,44990
ASUS,MAC ,AMD Ryzen 7 Octa Core,DDR4,16 GB,SSD,1 TB,85990
ASUS,MAC ,Intel Core i5,DDR4,8 GB,SSD,256 GB,44990
HP,Windows 10,Intel Core i5,DDR4,8 GB,SSD,512 GB,60390
ASUS,Windows 10,Intel Core i5,DDR4,16 GB,SSD,512 GB,69490
HP,Windows 11,AMD Ryzen 3 Quad Core,DDR4,8 GB,SSD,512 GB,40799
Lenovo,Windows 11,Intel Core i3,DDR4,8 GB,SSD,512 GB,39990
RedmiBook,MAC ,Intel Core i5,DDR4,8 GB,SSD,512 GB,39990
HP,Windows 11,AMD Ryzen 5 Hexa Core,DDR4,16 GB,SSD,512 GB,55990
Lenovo,Windows 11,Intel Core i5,LPDDR4X,16 GB,SSD,512 GB,74990
ASUS,MAC ,AMD Ryzen 9 Octa Core,DDR5,16 GB,SSD,1 TB,196990
Lenovo,Windows 11,AMD Ryzen 5 Quad Core,DDR4,8 GB,SSD,512 GB,38705
HP,Windows 10,Intel Core i5,DDR4,8 GB,HDD,1 TB,69990
ASUS,Windows 11,Intel Core i3,DDR4,8 GB,SSD,256 GB,44990
ASUS,Windows 11,Intel Core i5,DDR4,8 GB,SSD,1 TB,59990
APPLE,MAC ,Apple M1 Pro,Unified Memory,16 GB,SSD,512 GB,222990
ASUS,MAC ,AMD Ryzen 7 Octa Core,DDR4,16 GB,SSD,1 TB,85990
Lenovo,Windows 11,AMD Ryzen 3 Dual Core,DDR4,8 GB,SSD,512 GB,35590
DELL,Windows 11,Intel Core i5,DDR4,8 GB,SSD,512 GB,74770
ASUS,Windows 11,Intel Core i7,DDR5,16 GB,SSD,1 TB,109990
ASUS,MAC ,AMD Ryzen 9 Octa Core,DDR4,16 GB,SSD,1 TB,150990
Lenovo,Windows 11,Intel Core i3,DDR4,8 GB,SSD,256 GB,36990
Acer,Windows 11,AMD Ryzen 5 Hexa Core,DDR4,8 GB,SSD,512 GB,62990
Acer,Windows 11,Intel Core i5,DDR4,8 GB,SSD,512 GB,40990
MSI,Windows 10,Intel Core i5,DDR4,8 GB,SSD,512 GB,58499
Lenovo,Windows 10,Intel Core i5,DDR4,8 GB,HDD,1 TB,65990
Lenovo,Windows 11,Intel Core i3,DDR4,8 GB,SSD,256 GB,36990
RedmiBook,MAC ,Intel Core i5,DDR4,8 GB,SSD,512 GB,39990
DELL,Windows 11,Intel Core i7,DDR5,16 GB,SSD,512 GB,111990
Lenovo,Windows 11,Intel Core i5,DDR4,16 GB,SSD,512 GB,68490
ASUS,MAC ,AMD Ryzen 9 Octa Core,DDR5,16 GB,SSD,1 TB,196990
Lenovo,Windows 11,AMD Ryzen 5 Quad Core,DDR4,8 GB,SSD,512 GB,38705
Infinix,Windows 11,Intel Core i7,LPDDR4X,16 GB,SSD,512 GB,46990
ASUS,Windows 10,Intel Core i5,DDR4,8 GB,HDD,1 TB,83990
Acer,Windows 11,Intel Core i5,DDR4,8 GB,SSD,512 GB,54990
ASUS,MAC ,Intel Celeron Dual Core,LPDDR4,4 GB,SSD,512 GB,14990
ASUS,MAC ,AMD Ryzen 7 Octa Core,DDR4,16 GB,EMMC,32 GB,85990
Lenovo,Windows 11,AMD Ryzen 3 Dual Core,DDR4,8 GB,SSD,512 GB,35590
APPLE,MAC ,Apple M1,DDR4,8 GB,SSD,1 TB,149990
DELL,Windows 10,Intel Core i5,DDR4,8 GB,SSD,512 GB,63090
ASUS,MAC ,AMD Ryzen 9 Octa Core,DDR4,16 GB,SSD,1 TB,150990
Lenovo,Windows 11,Intel Core i3,DDR4,8 GB,SSD,512 GB,39990
MSI,Windows 11,Intel Core i7,DDR5,16 GB,SSD,1 TB,200000
Lenovo,Windows 11,Intel Core i3,DDR4,8 GB,SSD,256 GB,37390
ASUS,MAC ,Intel Core i5,LPDDR4X,8 GB,SSD,512 GB,63990
DELL,Windows 10,Intel Core i3,DDR4,8 GB,SSD,512 GB,43090
ASUS,Windows 11,AMD Ryzen 9 Octa Core,DDR5,16 GB,SSD,1 TB,194990
Lenovo,Windows 11,AMD Ryzen 5 Hexa Core,DDR4,8 GB,SSD,512 GB,44990
Lenovo,Windows 10,Intel Core i3,DDR4,4 GB,SSD,256 GB,44700
HP,Windows 10,Intel Core i3,DDR4,8 GB,SSD,256 GB,41150
Lenovo,Windows 11,Intel Core i3,DDR4,8 GB,SSD,256 GB,36990
Lenovo,Windows 11,Intel Core i3,DDR4,8 GB,SSD,512 GB,39990
ASUS,MAC ,AMD Ryzen 3 Dual Core,DDR4,8 GB,SSD,256 GB,33990
MSI,Windows 11,Intel Core i7,DDR5,16 GB,SSD,1 TB,190890
ASUS,Windows 11,Intel Core i9,LPDDR5,16 GB,SSD,1 TB,174990
HP,Windows 11,AMD Ryzen 7 Octa Core,DDR4,16 GB,SSD,1 TB,118990
RedmiBook,MAC ,Intel Core i5,DDR4,8 GB,SSD,512 GB,39990
ASUS,MAC ,AMD Ryzen 9 Octa Core,DDR5,16 GB,SSD,1 TB,196990
ASUS,Windows 11,Intel Core i5,DDR4,16 GB,SSD,512 GB,63980
Acer,Windows 11,AMD Ryzen 5 Hexa Core,DDR4,8 GB,SSD,512 GB,54300
Lenovo,Windows 11,AMD Ryzen 5 Quad Core,DDR4,8 GB,SSD,512 GB,38705
ASUS,MAC ,AMD Ryzen 7 Octa Core,DDR4,16 GB,SSD,1 TB,85990
DELL,Windows 11,AMD Ryzen 3 Dual Core,DDR4,8 GB,SSD,256 GB,36400
ASUS,Windows 10,Intel Core i3,DDR4,4 GB,SSD,256 GB,28590
DELL,MAC ,AMD Ryzen 5 Hexa Core,DDR4,16 GB,SSD,512 GB,69999
ASUS,Windows 11,Intel Core i9,DDR5,32 GB,SSD,1 TB,301990
Lenovo,Windows 11,AMD Ryzen 3 Dual Core,DDR4,8 GB,SSD,512 GB,35590
ASUS,MAC ,AMD Ryzen 9 Octa Core,DDR4,16 GB,SSD,1 TB,150990
Lenovo,MAC ,Intel Core i3,DDR4,8 GB,SSD,256 GB,37000
Lenovo,Windows 10,Intel Core i5,DDR4,16 GB,SSD,512 GB,64990
Lenovo,Windows 11,AMD Ryzen 7 Octa Core,DDR4,8 GB,SSD,512 GB,73490
ASUS,Windows 11,AMD Ryzen 9 Octa Core,DDR5,16 GB,SSD,1 TB,194990
DELL,Windows 11,Intel Core i3,DDR4,8 GB,SSD,256 GB,42690
ASUS,MAC ,AMD Ryzen 7 Octa Core,DDR5,16 GB,SSD,1 TB,140990
Lenovo,Windows 10,Intel Core i3,DDR4,4 GB,SSD,256 GB,38990
HP,Windows 11,Intel Core i7,LPDDR4X,16 GB,SSD,512 GB,128990
Acer,Windows 11,Intel Core i3,DDR4,8 GB,SSD,512 GB,54999
Lenovo,Windows 11,Intel Core i3,DDR4,8 GB,SSD,256 GB,36990
Acer,Windows 10,Intel Core i5,DDR4,8 GB,HDD,1 TB,60130
Acer,Windows 11,Intel Pentium Silver,DDR4,8 GB,SSD,256 GB,29490
DELL,Windows 11,Intel Core i5,DDR4,8 GB,SSD,512 GB,72490
Lenovo,Windows 11,Intel Core i3,DDR4,8 GB,SSD,512 GB,39990
GIGABYTE,Windows 11,Intel Core i5,DDR4,16 GB,SSD,512 GB,73990
Acer,Windows 10,Intel Core i5,DDR4,8 GB,HDD,1 TB,47130
Lenovo,Windows 10,AMD Ryzen 7 Octa Core,DDR4,8 GB,SSD,512 GB,55600
RedmiBook,MAC ,Intel Core i5,DDR4,8 GB,SSD,512 GB,39990
DELL,Windows 10,AMD Ryzen 5 Quad Core,DDR4,8 GB,SSD,512 GB,49690
ASUS,Windows 11,Intel Core i7,DDR5,32 GB,SSD,1 TB,239990
MSI,Windows 10,Intel Core i5,DDR4,16 GB,SSD,512 GB,73990
Lenovo,Windows 11,AMD Ryzen 5 Quad Core,DDR4,8 GB,SSD,512 GB,38705
HP,Windows 10,AMD Ryzen 5 Hexa Core,DDR4,8 GB,SSD,512 GB,52490
HP,MAC ,Intel Core i3,DDR4,8 GB,SSD,512 GB,41990
ASUS,Windows 11,Intel Pentium Quad Core,DDR4,8 GB,SSD,256 GB,29990
ASUS,MAC ,AMD Ryzen 9 Octa Core,DDR5,16 GB,SSD,1 TB,196990
Nokia,Windows 10,Intel Core i5,DDR4,8 GB,SSD,512 GB,50490
Acer,Windows 10,Intel Core i7,DDR4,16 GB,HDD,1 TB,96490
Infinix,Windows 11,Intel Core i5,LPDDR4X,16 GB,SSD,512 GB,37990
ASUS,MAC ,AMD Ryzen 7 Octa Core,DDR4,16 GB,SSD,1 TB,85990
MSI,Windows 10,Intel Core i5,LPDDR4X,16 GB,SSD,512 GB,74990
ASUS,Windows 10,Intel Core i5,DDR4,8 GB,SSD,512 GB,51990
Lenovo,Windows 11,Intel Core i3,DDR4,8 GB,SSD,256 GB,36990
Lenovo,Windows 11,Intel Core i3,DDR4,8 GB,SSD,512 GB,39990
ASUS,Windows 10,AMD Ryzen 5 Hexa Core,DDR4,8 GB,HDD,1 TB,71345
ASUS,Windows 10,Intel Core i7,DDR4,16 GB,SSD,1 TB,101490
MSI,Windows 11,Intel Core i7,DDR5,32 GB,SSD,1 TB,274990
ASUS,Windows 11,AMD Ryzen 9 Octa Core,DDR5,16 GB,SSD,1 TB,199990
RedmiBook,MAC ,Intel Core i5,DDR4,8 GB,SSD,512 GB,39990
ASUS,MAC ,AMD Ryzen 9 Octa Core,DDR5,16 GB,SSD,1 TB,196990
DELL,Windows 10,Intel Core i3,DDR4,8 GB,SSD,256 GB,41090
Lenovo,Windows 10,Intel Core i5,DDR4,8 GB,SSD,256 GB,50499
Lenovo,Windows 11,AMD Ryzen 5 Quad Core,DDR4,8 GB,SSD,512 GB,38705
ASUS,MAC ,AMD Ryzen 7 Octa Core,DDR4,16 GB,SSD,1 TB,85990
HP,Windows 11,AMD Ryzen 7 Octa Core,DDR4,8 GB,SSD,512 GB,78950
Lenovo,Windows 11,AMD Ryzen 5 Hexa Core,LPDDR4X,16 GB,SSD,512 GB,67990
ASUS,Windows 11,AMD Ryzen 9 Octa Core,DDR4,16 GB,SSD,1 TB,187990
Lenovo,Windows 10,Intel Core i7,DDR4,16 GB,SSD,1 TB,102990
Lenovo,Windows 11,AMD Ryzen 3 Dual Core,DDR4,8 GB,SSD,512 GB,35590
ASUS,MAC ,AMD Ryzen 9 Octa Core,DDR4,16 GB,SSD,1 TB,150990
ASUS,DOS,Intel Core i3,DDR4,4 GB,SSD,256 GB,35990
HP,Windows 10,AMD Ryzen 5 Quad Core,DDR4,8 GB,SSD,512 GB,52575
Lenovo,Windows 11,AMD Ryzen 7 Octa Core,DDR4,8 GB,SSD,512 GB,73490
ASUS,Windows 11,AMD Ryzen 9 Octa Core,DDR5,16 GB,SSD,1 TB,194990
DELL,Windows 11,AMD Ryzen 5 Quad Core,DDR4,8 GB,SSD,512 GB,50990
Lenovo,MAC ,Intel Core i5,DDR4,16 GB,SSD,512 GB,60125
Lenovo,Windows 10,Intel Celeron Dual Core,DDR4,4 GB,SSD,256 GB,26490
HP,Windows 11,AMD Ryzen 7 Octa Core,DDR4,8 GB,SSD,512 GB,80249
Lenovo,Windows 11,Intel Core i3,DDR4,8 GB,SSD,256 GB,36990
Lenovo,Windows 11,Intel Core i3,DDR4,8 GB,SSD,512 GB,39990
ASUS,Windows 10,AMD Ryzen 7 Octa Core,DDR4,8 GB,SSD,1 TB,76990
RedmiBook,MAC ,Intel Core i5,DDR4,8 GB,SSD,512 GB,39990
ASUS,MAC ,AMD Ryzen 9 Octa Core,DDR5,16 GB,SSD,1 TB,196990
ASUS,Windows 10,Intel Core i3,DDR4,8 GB,SSD,512 GB,36990
MSI,Windows 10,Intel Core i7,DDR4,16 GB,SSD,512 GB,107790
DELL,Windows 11,Intel Core i5,DDR4,16 GB,SSD,512 GB,75990
ASUS,Windows 10,Intel Core i5,LPDDR4X,16 GB,SSD,512 GB,95990
Lenovo,Windows 11,AMD Ryzen 5 Quad Core,DDR4,8 GB,SSD,512 GB,38705
ASUS,MAC ,AMD Ryzen 7 Octa Core,DDR4,16 GB,SSD,1 TB,85990
Acer,Windows 11,Intel Core i5,DDR4,8 GB,SSD,512 GB,61999
HP,Windows 11,Intel Celeron Dual Core,DDR4,8 GB,SSD,256 GB,28990
Lenovo,Windows 11,AMD Ryzen 3 Dual Core,DDR4,8 GB,SSD,512 GB,35590
ASUS,MAC ,AMD Ryzen 9 Octa Core,DDR4,16 GB,SSD,1 TB,150990
Lenovo,Windows 10,Intel Core i5,DDR4,8 GB,SSD,512 GB,54990
ASUS,MAC ,Intel Core i7,DDR4,16 GB,SSD,512 GB,56990
ASUS,MAC ,Intel Core i5,DDR4,8 GB,SSD,256 GB,45990
ASUS,Windows 11,Intel Core i3,DDR4,8 GB,SSD,512 GB,38216
Lenovo,Windows 11,Intel Core i3,DDR4,8 GB,SSD,256 GB,36990
Lenovo,Windows 11,Intel Core i3,DDR4,8 GB,SSD,512 GB,39990
MSI,Windows 11,Intel Core i7,DDR4,8 GB,SSD,512 GB,79990
DELL,MAC ,Intel Core i3,DDR4,4 GB,HDD,1 TB,43990
RedmiBook,MAC ,Intel Core i5,DDR4,8 GB,SSD,512 GB,39990
ASUS,MAC ,AMD Ryzen 9 Octa Core,DDR5,16 GB,SSD,1 TB,196990
HP,Windows 11,AMD Ryzen 7 Octa Core,DDR4,16 GB,SSD,1 TB,108250
ASUS,Windows 10,Intel Core i3,DDR4,4 GB,HDD,1 TB,28990
MSI,Windows 11,Intel Core i9,DDR5,32 GB,SSD,2 TB,389990
DELL,Windows 11,Intel Core i5,DDR4,16 GB,SSD,512 GB,67224
Lenovo,Windows 11,AMD Ryzen 5 Quad Core,DDR4,8 GB,SSD,512 GB,38705
ASUS,MAC ,AMD Ryzen 7 Octa Core,DDR4,16 GB,SSD,1 TB,85990
Acer,Windows 10,AMD Ryzen 7 Octa Core,DDR4,16 GB,HDD,1 TB,114990
ASUS,Windows 10,Intel Core i5,DDR4,4 GB,HDD,1 TB,61249
Lenovo,Windows 11,AMD Ryzen 3 Dual Core,DDR4,8 GB,SSD,512 GB,35590
ASUS,MAC ,AMD Ryzen 9 Octa Core,DDR4,16 GB,SSD,1 TB,150990
HP,Windows 11,Intel Core i5,DDR4,16 GB,SSD,512 GB,69990
Lenovo,DOS,AMD Ryzen 5 Hexa Core,DDR4,8 GB,SSD,512 GB,69990
Lenovo,Windows 11,Intel Core i5,DDR4,16 GB,SSD,512 GB,79990
Lenovo,Windows 10,AMD Ryzen 3 Dual Core,DDR4,8 GB,SSD,256 GB,37990
Lenovo,Windows 11,AMD Ryzen 7 Octa Core,DDR4,8 GB,SSD,512 GB,73490
ASUS,Windows 11,AMD Ryzen 9 Octa Core,DDR5,16 GB,SSD,1 TB,194990
Infinix,Windows 11,Intel Core i5,LPDDR4X,8 GB,SSD,512 GB,36990
ASUS,Windows 11,Intel Celeron Dual Core,DDR4,4 GB,SSD,128 GB,29980
Lenovo,Windows 11,Intel Core i3,DDR4,8 GB,SSD,256 GB,36990
RedmiBook,MAC ,Intel Core i5,DDR4,8 GB,SSD,512 GB,39990
ASUS,Windows 10,Intel Core i5,LPDDR4X,16 GB,SSD,512 GB,95990
DELL,Windows 11,AMD Ryzen 3 Dual Core,DDR4,8 GB,SSD,512 GB,41600
DELL,Windows 11,Intel Core i5,DDR4,16 GB,SSD,512 GB,67224
ASUS,Windows 11,Intel Core i5,DDR4,8 GB,SSD,512 GB,61986
ASUS,MAC ,AMD Ryzen 9 Octa Core,DDR5,16 GB,SSD,1 TB,196990
Lenovo,Windows 11,AMD Ryzen 5 Quad Core,DDR4,8 GB,SSD,512 GB,38705
ASUS,Windows 10,Intel Core i5,DDR4,4 GB,HDD,1 TB,61249
HP,Windows 11,AMD Ryzen 3 Dual Core,DDR4,8 GB,SSD,256 GB,38999
ASUS,MAC ,AMD Ryzen 7 Octa Core,DDR4,16 GB,SSD,1 TB,85990
Lenovo,Windows 11,AMD Ryzen 3 Dual Core,DDR4,8 GB,SSD,512 GB,35590
Lenovo,MAC ,Intel Core i3,DDR4,4 GB,SSD,256 GB,31990
Lenovo,Windows 10,AMD Ryzen 3 Dual Core,DDR4,8 GB,SSD,256 GB,37990
ASUS,Windows 11,Intel Celeron Dual Core,DDR4,4 GB,SSD,128 GB,29980
ASUS,Windows 11,Intel Core i5,DDR4,8 GB,SSD,512 GB,46990
ASUS,MAC ,AMD Ryzen 9 Octa Core,DDR4,16 GB,SSD,1 TB,150990
Lenovo,Windows 11,AMD Ryzen 7 Octa Core,DDR4,8 GB,SSD,512 GB,73490
Infinix,Windows 11,Intel Core i5,LPDDR4X,8 GB,SSD,512 GB,37990
Infinix,Windows 11,Intel Core i5,LPDDR4X,8 GB,SSD,512 GB,36990
Lenovo,Windows 11,Intel Core i3,DDR4,8 GB,SSD,512 GB,39990
ASUS,Windows 11,AMD Ryzen 9 Octa Core,DDR5,16 GB,SSD,1 TB,194990
Acer,Windows 10,AMD Ryzen 5 Hexa Core,DDR4,8 GB,HDD,1 TB,61490
HP,Windows 10,AMD Ryzen 7 Octa Core,DDR4,16 GB,SSD,1 TB,109990
HP,Windows 11,AMD Ryzen 5 Hexa Core,DDR4,8 GB,SSD,512 GB,54990
Lenovo,Windows 10,AMD Ryzen 5 Hexa Core,DDR4,8 GB,SSD,512 GB,50990
Lenovo,Windows 11,Intel Core i3,DDR4,8 GB,SSD,256 GB,36990
RedmiBook,MAC ,Intel Core i5,DDR4,8 GB,SSD,512 GB,39990
MSI,Windows 10,Intel Core i5,DDR4,8 GB,HDD,1 TB,62190
ASUS,MAC ,Intel Celeron Dual Core,LPDDR4,4 GB,SSD,512 GB,24390
ASUS,MAC ,AMD Ryzen 9 Octa Core,DDR5,16 GB,SSD,1 TB,196990
Lenovo,Windows 11,AMD Ryzen 5 Quad Core,DDR4,8 GB,EMMC,64 GB,38705
Lenovo,Windows 11,Intel Core i3,DDR4,8 GB,HDD,1 TB,36990
HP,Windows 10,AMD Ryzen 7 Octa Core,DDR4,16 GB,SSD,1 TB,159990
ASUS,Windows 11,Intel Core i3,DDR4,4 GB,SSD,256 GB,34490
ASUS,MAC ,AMD Ryzen 9 Octa Core,DDR4,16 GB,SSD,512 GB,99990
ASUS,MAC ,AMD Ryzen 7 Octa Core,DDR4,16 GB,SSD,1 TB,85990
Lenovo,Windows 11,AMD Ryzen 3 Dual Core,DDR4,8 GB,SSD,512 GB,35590
ASUS,Windows 11,Intel Core i5,LPDDR4X,8 GB,SSD,512 GB,79990
Infinix,Windows 11,Intel Celeron Quad Core,LPDDR4X,4 GB,SSD,128 GB,20990
ASUS,MAC ,AMD Ryzen 9 Octa Core,DDR4,16 GB,SSD,1 TB,150990
Lenovo,Windows 11,Intel Core i3,DDR4,8 GB,SSD,512 GB,39990
HP,Windows 11,Intel Core i3,DDR4,8 GB,HDD,1 TB,41490
DELL,MAC ,AMD Ryzen 7 Octa Core,DDR5,16 GB,SSD,1 TB,206581
ASUS,MAC ,AMD Ryzen 5 Hexa Core,DDR4,8 GB,SSD,512 GB,59990
Acer,Windows 11,Intel Core i5,DDR4,16 GB,SSD,512 GB,62990
ASUS,Windows 11,AMD Ryzen 9 Octa Core,DDR5,16 GB,SSD,1 TB,194990
Lenovo,Windows 11,AMD Ryzen 5 Hexa Core,DDR4,8 GB,SSD,512 GB,44990
ASUS,Windows 11,AMD Ryzen 9 Octa Core,DDR5,16 GB,SSD,1 TB,194990
ASUS,MAC ,AMD Ryzen 5 Hexa Core,DDR4,8 GB,HDD,1 TB,62990
RedmiBook,MAC ,Intel Core i5,DDR4,8 GB,SSD,512 GB,39990
ASUS,MAC ,AMD Ryzen 9 Octa Core,DDR5,16 GB,SSD,1 TB,196990
Lenovo,Windows 10,AMD Ryzen 5 Hexa Core,DDR4,8 GB,SSD,512 GB,61990
ASUS,MAC ,AMD Ryzen 7 Octa Core,DDR5,16 GB,SSD,1 TB,105990
Acer,Windows 11,Intel Core i7,DDR5,16 GB,SSD,1 TB,155490
Ultimus,MAC ,Intel Celeron Dual Core,LPDDR4,4 GB,SSD,128 GB,19990
Lenovo,Windows 11,AMD Ryzen 5 Quad Core,DDR4,8 GB,SSD,512 GB,38705
ASUS,MAC ,AMD Ryzen 7 Octa Core,DDR4,16 GB,SSD,1 TB,85990
Lenovo,Windows 10,Intel Core i3,DDR4,4 GB,HDD,1 TB,33499
Infinix,Windows 11,Intel Core i5,LPDDR4X,8 GB,SSD,512 GB,42990
Lenovo,Windows 11,AMD Ryzen 3 Dual Core,DDR4,8 GB,SSD,512 GB,35590
ASUS,MAC ,AMD Ryzen 9 Octa Core,DDR4,16 GB,SSD,1 TB,150990
HP,Windows 11,Intel Core i5,DDR4,8 GB,SSD,512 GB,63990
Acer,Windows 11,Intel Core i9,DDR4,16 GB,SSD,1 TB,124990
ASUS,Windows 11,Intel Celeron Dual Core,DDR4,4 GB,SSD,512 GB,21990
Lenovo,Windows 10,Intel Celeron Dual Core,DDR4,4 GB,SSD,256 GB,30100
Lenovo,Windows 11,Intel Core i3,DDR4,8 GB,EMMC,64 GB,36990
Lenovo,Windows 11,Intel Core i3,DDR4,8 GB,SSD,512 GB,39990
HP,Windows 11,Intel Core i7,DDR5,32 GB,SSD,1 TB,199990
Acer,Windows 11,Intel Core i5,DDR4,8 GB,HDD,1 TB,61130
ASUS,Windows 11,AMD Ryzen 9 Octa Core,DDR5,16 GB,SSD,1 TB,194990
Lenovo,Windows 11,AMD Ryzen 5 Hexa Core,DDR4,8 GB,SSD,512 GB,44990
Lenovo,MAC ,Intel Core i3,DDR4,8 GB,HDD,1 TB,40990
ASUS,Windows 10,Intel Core i5,DDR4,8 GB,SSD,1 TB,75990
HP,Windows 11,Intel Core i3,DDR4,8 GB,SSD,512 GB,46890
Lenovo,Windows 11,Intel Core i3,DDR4,8 GB,SSD,256 GB,37390
Lenovo,Windows 11,Intel Core i3,DDR4,8 GB,SSD,256 GB,36990
Lenovo,Windows 11,Intel Core i3,DDR4,8 GB,SSD,512 GB,39990
Lenovo,Windows 11,Intel Core i5,DDR4,16 GB,SSD,512 GB,68490
ASUS,Windows 11,Intel Celeron Dual Core,DDR4,4 GB,SSD,512 GB,19990
RedmiBook,MAC ,Intel Core i5,DDR4,8 GB,SSD,512 GB,39990
ASUS,MAC ,AMD Ryzen 9 Octa Core,DDR5,16 GB,EMMC,64 GB,196990
ASUS,MAC ,Intel Core i7,DDR4,16 GB,SSD,512 GB,89990
DELL,MAC ,Intel Core i5,DDR4,8 GB,SSD,512 GB,59790
MSI,Windows 11,Intel Core i9,DDR4,16 GB,SSD,1 TB,125990
ASUS,Windows 11,AMD Ryzen 7 Octa Core,DDR5,32 GB,SSD,2 TB,249990
Lenovo,Windows 11,AMD Ryzen 5 Quad Core,DDR4,8 GB,SSD,512 GB,38705
ASUS,MAC ,AMD Ryzen 7 Octa Core,DDR4,16 GB,SSD,1 TB,85990
ASUS,Windows 11,AMD Ryzen 7 Octa Core,DDR5,16 GB,SSD,1 TB,149990
DELL,Windows 11,Intel Pentium Quad Core,DDR4,8 GB,SSD,256 GB,36990
Lenovo,Windows 11,AMD Ryzen 3 Dual Core,DDR4,8 GB,SSD,512 GB,35590
ASUS,MAC ,AMD Ryzen 9 Octa Core,DDR4,16 GB,SSD,1 TB,150990
ASUS,Windows 10,Intel Core i5,DDR4,16 GB,SSD,512 GB,85990
HP,Windows 10,AMD Ryzen 7 Octa Core,DDR4,8 GB,SSD,512 GB,60990
DELL,Windows 11,Intel Core i5,DDR5,8 GB,SSD,512 GB,87900
DELL,Windows 11,Intel Pentium Quad Core,DDR4,8 GB,SSD,256 GB,36990
ASUS,Windows 11,AMD Ryzen 7 Octa Core,DDR5,32 GB,SSD,2 TB,249990
ASUS,Windows 11,AMD Ryzen 7 Octa Core,DDR5,16 GB,SSD,1 TB,149990
RedmiBook,MAC ,Intel Core i5,DDR4,8 GB,SSD,512 GB,39990
HP,Windows 11,AMD Ryzen 3 Dual Core,DDR4,8 GB,HDD,1 TB,28999
DELL,Windows 11,Intel Core i5,DDR5,8 GB,SSD,512 GB,87900
Acer,MAC ,Intel Core i7,DDR4,16 GB,HDD,1 TB,117990
Lenovo,Windows 11,AMD Ryzen 5 Quad Core,DDR4,8 GB,SSD,512 GB,38705
ASUS,Windows 10,Intel Core i5,DDR4,16 GB,SSD,512 GB,85990
DELL,Windows 11,Intel Core i5,DDR4,8 GB,HDD,1 TB,61497
HP,Windows 11,AMD Ryzen 5 Hexa Core,DDR4,8 GB,SSD,512 GB,70400
ASUS,MAC ,AMD Ryzen 9 Octa Core,DDR5,16 GB,SSD,1 TB,196990
Lenovo,MAC ,Intel Core i5,DDR4,16 GB,SSD,512 GB,69000
Lenovo,Windows 11,AMD Ryzen 5 Hexa Core,DDR4,8 GB,SSD,512 GB,64490
ASUS,Windows 11,AMD Ryzen 7 Octa Core,DDR5,16 GB,SSD,1 TB,149990
ASUS,MAC ,AMD Ryzen 7 Octa Core,DDR4,16 GB,SSD,1 TB,85990
HP,Windows 11,AMD Ryzen 5 Hexa Core,DDR5,8 GB,SSD,512 GB,96579
DELL,Windows 11,Intel Core i7,DDR4,16 GB,SSD,512 GB,101990
ASUS,MAC ,Intel Core i7,DDR4,16 GB,SSD,512 GB,89990
Lenovo,Windows 11,AMD Ryzen 3 Dual Core,DDR4,8 GB,SSD,512 GB,35590
HP,Windows 11,AMD Ryzen 7 Octa Core,DDR5,8 GB,SSD,512 GB,94990
MSI,Windows 11,Intel Core i7,DDR5,32 GB,SSD,2 TB,314990
DELL,MAC ,Intel Core i3,DDR4,8 GB,HDD,1 TB,46900
ASUS,MAC ,AMD Ryzen 9 Octa Core,DDR4,16 GB,SSD,1 TB,150990
Lenovo,Windows 11,Intel Core i3,DDR4,8 GB,SSD,256 GB,36990
Lenovo,Windows 11,Intel Core i3,DDR4,8 GB,SSD,512 GB,39990
ASUS,Windows 11,Intel Core i9,DDR5,32 GB,SSD,2 TB,331990
DELL,Windows 11,Intel Core i7,DDR5,16 GB,SSD,1 TB,116490
HP,MAC ,AMD Ryzen 3 Hexa Core,DDR4,8 GB,SSD,512 GB,64590
DELL,Windows 11,Intel Core i7,DDR5,16 GB,SSD,1 TB,137990
RedmiBook,MAC ,Intel Core i5,DDR4,8 GB,SSD,512 GB,39990
ASUS,MAC ,AMD Ryzen 9 Octa Core,DDR5,16 GB,SSD,1 TB,196990
DELL,Windows 10,Intel Core i5,DDR4,8 GB,SSD,512 GB,55690
Lenovo,Windows 10,Intel Core i7,DDR4,16 GB,SSD,512 GB,109990
Lenovo,Windows 11,AMD Ryzen 5 Quad Core,DDR4,8 GB,SSD,512 GB,38705
ASUS,MAC ,AMD Ryzen 7 Octa Core,DDR4,16 GB,SSD,1 TB,85990
ASUS,MAC ,Intel Core i7,DDR4,8 GB,HDD,1 TB,79990
ASUS,Windows 11,AMD Ryzen 9 Octa Core,DDR4,16 GB,SSD,1 TB,130500
ASUS,Windows 11,AMD Ryzen 9 Octa Core,DDR5,32 GB,SSD,2 TB,361990
ASUS,MAC ,AMD Ryzen 9 Octa Core,DDR5,16 GB,SSD,1 TB,211990
Lenovo,Windows 11,AMD Ryzen 3 Dual Core,DDR4,8 GB,SSD,512 GB,35590
ASUS,MAC ,AMD Ryzen 9 Octa Core,DDR4,16 GB,SSD,1 TB,150990
DELL,Windows 10,Intel Core i3,DDR4,4 GB,SSD,256 GB,39890
MSI,Windows 11,Intel Core i7,DDR4,16 GB,SSD,1 TB,139990
Lenovo,Windows 11,AMD Ryzen 7 Octa Core,DDR4,8 GB,SSD,512 GB,73490
ASUS,Windows 11,AMD Ryzen 9 Octa Core,DDR5,16 GB,SSD,1 TB,194990
MSI,Windows 10,Intel Core i7,DDR4,16 GB,HDD,1 TB,99990
HP,Windows 10,Intel Core i5,DDR4,16 GB,SSD,512 GB,66700
DELL,Windows 10,Intel Core i5,DDR4,8 GB,HDD,1 TB,68990
DELL,Windows 11,Intel Core i9,DDR4,32 GB,SSD,1 TB,434830
Lenovo,Windows 11,Intel Core i3,DDR4,8 GB,SSD,256 GB,36990
Lenovo,Windows 11,Intel Core i3,DDR4,8 GB,SSD,512 GB,39990
ALIENWARE,Windows 10,Intel Core i9,DDR4,32 GB,SSD,1 TB,345390
HP,Windows 11,Intel Core i7,DDR4,16 GB,SSD,512 GB,105822
RedmiBook,MAC ,Intel Core i5,DDR4,8 GB,SSD,512 GB,39990
ASUS,MAC ,AMD Ryzen 9 Octa Core,DDR5,16 GB,SSD,1 TB,196990
Lenovo,Chrome,Intel Celeron Dual Core,LPDDR4X,4 GB,SSD,512 GB,28490
Lenovo,Windows 10,Intel Core i5,DDR4,16 GB,SSD,512 GB,66990
Acer,Windows 11,Intel Core i5,DDR4,8 GB,SSD,512 GB,86999
ASUS,Windows 10,Intel Core i3,DDR4,8 GB,EMMC,128 GB,36990
Lenovo,Windows 11,AMD Ryzen 5 Quad Core,DDR4,8 GB,SSD,512 GB,38705
ASUS,MAC ,AMD Ryzen 7 Octa Core,DDR4,16 GB,SSD,1 TB,85990
Lenovo,Windows 11,Intel Celeron Dual Core,DDR4,4 GB,SSD,256 GB,23250
DELL,Windows 10,Intel Core i3,DDR4,8 GB,SSD,256 GB,42390
Lenovo,Windows 11,AMD Ryzen 3 Dual Core,DDR4,8 GB,SSD,512 GB,35590
ASUS,MAC ,AMD Ryzen 9 Octa Core,DDR4,16 GB,SSD,1 TB,150990
Lenovo,Windows 10,Intel Core i5,DDR4,8 GB,SSD,512 GB,58990
ASUS,Windows 10,Intel Core i7,DDR4,16 GB,SSD,1 TB,110990
Acer,Windows 10,Intel Core i5,DDR4,8 GB,HDD,1 TB,74590
DELL,Windows 11,AMD Ryzen 5 Hexa Core,DDR4,8 GB,SSD,512 GB,71990
ASUS,Windows 11,AMD Ryzen 9 Octa Core,DDR5,16 GB,SSD,1 TB,194990
Lenovo,Windows 11,AMD Ryzen 5 Hexa Core,DDR4,8 GB,SSD,512 GB,44990
Lenovo,Windows 10,Intel Core i5,DDR4,16 GB,SSD,512 GB,84990
ASUS,MAC ,AMD Ryzen 7 Octa Core,LPDDR5,16 GB,SSD,1 TB,119990
Lenovo,Windows 11,Intel Core i3,DDR4,8 GB,SSD,256 GB,36990
Lenovo,Windows 11,Intel Core i3,DDR4,8 GB,SSD,512 GB,39990
MSI,Windows 10,Intel Core i7,DDR4,32 GB,SSD,1 TB,214990
MSI,Windows 10,Intel Core i3,DDR4,8 GB,SSD,512 GB,48790
DELL,Windows 11,AMD Ryzen 7 Octa Core,DDR4,16 GB,SSD,512 GB,76000
ASUS,Windows 10,AMD Ryzen 9 Octa Core,LPDDR4X,32 GB,SSD,1 TB,224990
RedmiBook,MAC ,Intel Core i5,DDR4,8 GB,SSD,512 GB,39990
ASUS,MAC ,AMD Ryzen 9 Octa Core,DDR5,16 GB,SSD,1 TB,196990
Infinix,Windows 11,Intel Core i3,LPDDR4X,8 GB,SSD,512 GB,49990
ASUS,Windows 11,Intel Core i7,LPDDR5,16 GB,SSD,512 GB,164990
Lenovo,Windows 11,AMD Ryzen 5 Quad Core,DDR4,8 GB,SSD,512 GB,38705
ASUS,MAC ,AMD Ryzen 7 Octa Core,DDR4,16 GB,SSD,1 TB,85990
HP,Windows 11,AMD Ryzen 3 Dual Core,DDR4,8 GB,SSD,256 GB,31490
DELL,Windows 11,Intel Core i3,DDR4,8 GB,SSD,512 GB,48077
ASUS,MAC ,AMD Ryzen 9 Octa Core,DDR4,16 GB,SSD,1 TB,154990
ASUS,Windows 10,Intel Core i7,DDR4,32 GB,SSD,1 TB,224990
Lenovo,Windows 11,AMD Ryzen 3 Dual Core,DDR4,8 GB,SSD,512 GB,35590
ASUS,MAC ,AMD Ryzen 9 Octa Core,DDR4,16 GB,SSD,1 TB,150990
ASUS,Windows 10,Intel Core i5,DDR4,8 GB,HDD,1 TB,44990
ASUS,Windows 10,Intel Core i5,DDR4,8 GB,SSD,512 GB,65990
Lenovo,Windows 11,AMD Ryzen 7 Octa Core,DDR4,8 GB,SSD,512 GB,73490
ASUS,Windows 11,AMD Ryzen 9 Octa Core,DDR5,16 GB,SSD,1 TB,194990
ASUS,Windows 10,Intel Core i3,DDR4,8 GB,HDD,1 TB,31990
Lenovo,MAC ,Intel Core i3,DDR4,8 GB,SSD,256 GB,38980
HP,Windows 10,AMD Ryzen 5 Hexa Core,DDR4,8 GB,SSD,512 GB,68990
DELL,Windows 10,Intel Core i3,DDR4,8 GB,SSD,256 GB,43090
Lenovo,Windows 11,Intel Core i3,DDR4,8 GB,SSD,512 GB,39990
RedmiBook,MAC ,Intel Core i5,DDR4,8 GB,SSD,512 GB,39990
ASUS,MAC ,AMD Ryzen 9 Octa Core,DDR4,16 GB,SSD,1 TB,154990
ASUS,Windows 10,Intel Core i5,DDR4,8 GB,SSD,512 GB,65990
ASUS,MAC ,AMD Ryzen 9 Octa Core,DDR5,16 GB,SSD,1 TB,196990
Lenovo,Windows 11,AMD Ryzen 5 Quad Core,DDR4,8 GB,SSD,512 GB,38705
DELL,Windows 11,Intel Core i3,DDR4,8 GB,SSD,512 GB,49348
DELL,Windows 11,Intel Core i7,DDR5,16 GB,SSD,512 GB,221774
Lenovo,Windows 10,AMD Ryzen 5 Hexa Core,DDR4,8 GB,SSD,512 GB,73990
DELL,Windows 11,AMD Ryzen 7 Octa Core,DDR4,16 GB,SSD,512 GB,77990
ASUS,MAC ,AMD Ryzen 7 Octa Core,DDR4,16 GB,SSD,1 TB,85990
Lenovo,Windows 11,AMD Ryzen 3 Dual Core,DDR4,8 GB,SSD,512 GB,35590
ALIENWARE,Windows 10,Intel Core i7,DDR4,16 GB,SSD,1 TB,214790
ALIENWARE,Windows 10,Intel Core i7,DDR4,16 GB,SSD,512 GB,199990
ASUS,MAC ,AMD Ryzen 9 Octa Core,DDR4,16 GB,SSD,1 TB,150990
Lenovo,Windows 11,Intel Core i3,DDR4,8 GB,SSD,256 GB,36990
DELL,Windows 11,Intel Core i3,DDR4,8 GB,SSD,512 GB,48077
DELL,Windows 11,AMD Ryzen 5 Hexa Core,DDR4,8 GB,SSD,512 GB,52414
ASUS,Windows 11,Intel Core i7,DDR5,16 GB,SSD,1 TB,179990
ASUS,MAC ,Intel Celeron Dual Core,LPDDR4,4 GB,SSD,512 GB,25990
Lenovo,Windows 11,Intel Core i3,DDR4,8 GB,SSD,256 GB,36990
Lenovo,Windows 11,Intel Core i3,DDR4,8 GB,SSD,512 GB,39990
DELL,Windows 11,Intel Core i5,DDR4,16 GB,EMMC,64 GB,80615
ASUS,Windows 11,AMD Ryzen 7 Octa Core,DDR5,16 GB,SSD,1 TB,155990
RedmiBook,MAC ,Intel Core i5,DDR4,8 GB,SSD,512 GB,39990
ASUS,MAC ,AMD Ryzen 9 Octa Core,DDR5,16 GB,SSD,1 TB,196990
Infinix,Windows 11,Intel Core i7,LPDDR4X,16 GB,SSD,512 GB,49990
Lenovo,Windows 11,Intel Core i7,DDR4,16 GB,SSD,1 TB,157990
ASUS,MAC ,Intel Core i5,DDR5,16 GB,SSD,512 GB,92990
ASUS,Windows 11,AMD Ryzen 7 Octa Core,DDR5,16 GB,SSD,1 TB,171990
Lenovo,Windows 11,AMD Ryzen 5 Quad Core,DDR4,8 GB,SSD,512 GB,38705
ASUS,MAC ,AMD Ryzen 7 Octa Core,DDR4,16 GB,SSD,1 TB,85990
ASUS,Windows 10,Intel Core i5,DDR4,8 GB,HDD,1 TB,44990
ASUS,MAC ,AMD Ryzen 9 Octa Core,LPDDR5,16 GB,SSD,1 TB,151990
Lenovo,Windows 11,AMD Ryzen 3 Dual Core,DDR4,8 GB,SSD,512 GB,35590
ASUS,MAC ,AMD Ryzen 9 Octa Core,DDR4,16 GB,SSD,1 TB,150990
ASUS,Windows 10,Intel Core i7,LPDDR3,16 GB,SSD,2 TB,233990
DELL,Windows 11,Intel Core i5,DDR5,16 GB,SSD,512 GB,76590
HP,Windows 10,AMD Ryzen 7 Octa Core,DDR4,16 GB,SSD,512 GB,90000
ASUS,MAC ,Intel Celeron Dual Core,LPDDR4,4 GB,SSD,512 GB,23490
Lenovo,Windows 11,AMD Ryzen 7 Octa Core,DDR4,8 GB,SSD,512 GB,73490
ASUS,Windows 11,AMD Ryzen 9 Octa Core,DDR5,16 GB,SSD,1 TB,194990
ASUS,Windows 11,Intel Core i7,LPDDR5,16 GB,EMMC,64 GB,125990
Lenovo,Windows 10,Intel Core i5,DDR4,8 GB,HDD,1 TB,50990
